ID,content,operation_ID
1,Work completed as per Anubhav Trainings maintenance checklist.,1
2,Root cause identified and corrected by Anubhav Trainings certified technician.,5
3,Minor wear observed; recommend monitoring at next cycle.,9
4,Work completed as per Anubhav Trainings maintenance checklist.,13
5,Root cause identified and corrected by Anubhav Trainings certified technician.,17
6,Minor wear observed; recommend monitoring at next cycle.,21
7,Work completed as per Anubhav Trainings maintenance checklist.,25
8,Root cause identified and corrected by Anubhav Trainings certified technician.,29
9,Minor wear observed; recommend monitoring at next cycle.,33
10,Work completed as per Anubhav Trainings maintenance checklist.,37
11,Root cause identified and corrected by Anubhav Trainings certified technician.,41
12,Minor wear observed; recommend monitoring at next cycle.,45
13,Work completed as per Anubhav Trainings maintenance checklist.,49
14,Root cause identified and corrected by Anubhav Trainings certified technician.,53
15,Work completed as per Anubhav Trainings maintenance checklist.,61
16,Minor wear observed; recommend monitoring at next cycle.,69
17,Work completed as per Anubhav Trainings maintenance checklist.,73
18,Root cause identified and corrected by Anubhav Trainings certified technician.,77
19,Minor wear observed; recommend monitoring at next cycle.,81
20,Root cause identified and corrected by Anubhav Trainings certified technician.,89
21,Work completed as per Anubhav Trainings maintenance checklist.,97
22,Minor wear observed; recommend monitoring at next cycle.,105
23,Work completed as per Anubhav Trainings maintenance checklist.,109
24,Root cause identified and corrected by Anubhav Trainings certified technician.,113
25,Minor wear observed; recommend monitoring at next cycle.,117
26,Work completed as per Anubhav Trainings maintenance checklist.,121
27,Root cause identified and corrected by Anubhav Trainings certified technician.,125
28,Minor wear observed; recommend monitoring at next cycle.,129
29,Work completed as per Anubhav Trainings maintenance checklist.,133
30,Root cause identified and corrected by Anubhav Trainings certified technician.,137
31,Minor wear observed; recommend monitoring at next cycle.,141
32,Work completed as per Anubhav Trainings maintenance checklist.,145
33,Root cause identified and corrected by Anubhav Trainings certified technician.,149
34,Minor wear observed; recommend monitoring at next cycle.,153
35,Work completed as per Anubhav Trainings maintenance checklist.,157
36,Root cause identified and corrected by Anubhav Trainings certified technician.,161
37,Minor wear observed; recommend monitoring at next cycle.,165
38,Root cause identified and corrected by Anubhav Trainings certified technician.,173
39,Work completed as per Anubhav Trainings maintenance checklist.,181
40,Root cause identified and corrected by Anubhav Trainings certified technician.,185
41,Minor wear observed; recommend monitoring at next cycle.,189
42,Work completed as per Anubhav Trainings maintenance checklist.,193
43,Root cause identified and corrected by Anubhav Trainings certified technician.,197
44,Minor wear observed; recommend monitoring at next cycle.,201
45,Work completed as per Anubhav Trainings maintenance checklist.,205
46,Root cause identified and corrected by Anubhav Trainings certified technician.,209
47,Minor wear observed; recommend monitoring at next cycle.,213
48,Work completed as per Anubhav Trainings maintenance checklist.,217
49,Root cause identified and corrected by Anubhav Trainings certified technician.,221
50,Minor wear observed; recommend monitoring at next cycle.,225
51,Work completed as per Anubhav Trainings maintenance checklist.,229
52,Root cause identified and corrected by Anubhav Trainings certified technician.,233
53,Minor wear observed; recommend monitoring at next cycle.,237
54,Work completed as per Anubhav Trainings maintenance checklist.,241
55,Root cause identified and corrected by Anubhav Trainings certified technician.,245
56,Minor wear observed; recommend monitoring at next cycle.,249
57,Root cause identified and corrected by Anubhav Trainings certified technician.,257
58,Work completed as per Anubhav Trainings maintenance checklist.,265
59,Root cause identified and corrected by Anubhav Trainings certified technician.,269
60,Minor wear observed; recommend monitoring at next cycle.,273
61,Work completed as per Anubhav Trainings maintenance checklist.,277
62,Minor wear observed; recommend monitoring at next cycle.,285
63,Root cause identified and corrected by Anubhav Trainings certified technician.,293
64,Work completed as per Anubhav Trainings maintenance checklist.,301
65,Root cause identified and corrected by Anubhav Trainings certified technician.,305
66,Minor wear observed; recommend monitoring at next cycle.,309
67,Work completed as per Anubhav Trainings maintenance checklist.,313
